{"name":"Button","position":{"x":2.0,"y":2.0,"z":0.0},"rotation":{"x":0.0,"y":0.0,"z":0.0},"scale":{"x":0.0,"y":0.0,"z":0.0},"color":{"r":0.8584905862808228,"g":0.538581371307373,"b":0.538581371307373,"a":0.0},"elementType":"Button"}